date,returns
2018-01-02 22:00:00+00:00,0.0
2018-01-03 22:00:00+00:00,-8.249999999998536e-05
2018-01-04 22:00:00+00:00,0.003751559503659019
2018-01-05 22:00:00+00:00,0.008390467472460417
2018-01-08 22:00:00+00:00,0.0023355136400913246
2018-01-09 22:00:00+00:00,0.0008699263027023285
2018-01-10 22:00:00+00:00,-0.001069842626026607
2018-01-11 22:00:00+00:00,0.007162928272122171
2018-01-12 22:00:00+00:00,0.0071156566472347915
2018-01-15 22:00:00+00:00,0.0
2018-01-16 22:00:00+00:00,-0.0020740510335627294
2018-01-17 22:00:00+00:00,0.00841450348219941
2018-01-18 22:00:00+00:00,-0.0020984483797396036
2018-01-19 22:00:00+00:00,0.00503452539827931
2018-01-22 22:00:00+00:00,0.01065545943316959
2018-01-23 22:00:00+00:00,0.003357931161815486
2018-01-24 22:00:00+00:00,-0.0023720088706958853
2018-01-25 22:00:00+00:00,6.069073193026853e-05
2018-01-26 22:00:00+00:00,0.013059614910926776
2018-01-29 22:00:00+00:00,-0.006291169809902519
2018-01-30 22:00:00+00:00,-0.008657251334521665
2018-01-31 22:00:00+00:00,0.0018111967491463155
2018-02-01 22:00:00+00:00,-0.005416625505391015
2018-02-02 22:00:00+00:00,-0.021948446699535773
2018-02-05 22:00:00+00:00,-0.0510902374773492
2018-02-06 22:00:00+00:00,0.03414124039543909
2018-02-07 22:00:00+00:00,-0.01235877863547219
2018-02-08 22:00:00+00:00,-0.03248164078428606
2018-02-09 22:00:00+00:00,0.013050966883269455
2018-02-12 22:00:00+00:00,0.015934166428381857
2018-02-13 22:00:00+00:00,0.0034865160576251775
2018-02-14 22:00:00+00:00,0.016463614161917217
2018-02-15 22:00:00+00:00,0.016700350762056004
2018-02-16 22:00:00+00:00,-0.0021174370698191503
2018-02-19 22:00:00+00:00,0.0
2018-02-20 22:00:00+00:00,-0.0033078587372800117
2018-02-21 22:00:00+00:00,-0.004988089062834211
2018-02-22 22:00:00+00:00,0.00415946039432713
2018-02-23 22:00:00+00:00,0.014751853669878745
2018-02-26 22:00:00+00:00,0.01218784779556703
2018-02-27 22:00:00+00:00,-0.01274896962597527
2018-02-28 22:00:00+00:00,-0.009053111506623579
2018-03-01 22:00:00+00:00,-0.013368267047019766
2018-03-02 22:00:00+00:00,0.005440110390561248
2018-03-05 22:00:00+00:00,0.010606602900339324
2018-03-06 22:00:00+00:00,0.0031434558963612247
2018-03-07 22:00:00+00:00,0.0009958389029702808
2018-03-08 22:00:00+00:00,0.006501782943096668
2018-03-09 22:00:00+00:00,0.017042419965634714
2018-03-12 21:00:00+00:00,0.0027444914136625087
2018-03-13 21:00:00+00:00,-0.008329423362195998
2018-03-14 21:00:00+00:00,-0.0052403562390827
2018-03-15 21:00:00+00:00,0.0012106944677989784
2018-03-16 21:00:00+00:00,7.19780035220996e-05
2018-03-19 21:00:00+00:00,-0.01447373471777047
2018-03-20 21:00:00+00:00,0.0003675835157050944
2018-03-21 21:00:00+00:00,-0.003304602595986861
2018-03-22 21:00:00+00:00,-0.027774522442282956
2018-03-23 21:00:00+00:00,-0.018826844262295084
2018-03-26 21:00:00+00:00,0.028355997143668876
2018-03-27 21:00:00+00:00,-0.023502327086288854
2018-03-28 21:00:00+00:00,-0.00768452415846177
2018-03-29 21:00:00+00:00,0.014775307449683028
2018-04-02 21:00:00+00:00,-0.028311664972936135
2018-04-03 21:00:00+00:00,0.01251370803258145
2018-04-04 21:00:00+00:00,0.015401218925503501
2018-04-05 21:00:00+00:00,0.004051285884220324
2018-04-06 21:00:00+00:00,-0.02017595766720459
2018-04-09 21:00:00+00:00,0.005870566814235589
2018-04-10 21:00:00+00:00,0.016877788374757507
2018-04-11 21:00:00+00:00,-0.005009259387482978
2018-04-12 21:00:00+00:00,0.009600809767824403
2018-04-13 21:00:00+00:00,-0.00328972927721205
2018-04-16 21:00:00+00:00,0.00932966014638259
2018-04-17 21:00:00+00:00,0.012461179495548258
2018-04-18 21:00:00+00:00,0.0015687751004016537
2018-04-19 21:00:00+00:00,-0.0076608301362021125
2018-04-20 21:00:00+00:00,-0.011458636377704168
2018-04-23 21:00:00+00:00,-0.0006925320499574505
2018-04-24 21:00:00+00:00,-0.016158583197780407
2018-04-25 21:00:00+00:00,0.0037143090060529627
2018-04-26 21:00:00+00:00,0.019868322867860888
2018-04-27 21:00:00+00:00,-0.00571023985744934
2018-04-30 21:00:00+00:00,-0.00889050190537577
2018-05-01 21:00:00+00:00,0.006514291919575754
2018-05-02 21:00:00+00:00,-0.00846432738266989
2018-05-03 21:00:00+00:00,0.0030568232571615006
2018-05-04 21:00:00+00:00,0.01409472248886523
2018-05-07 21:00:00+00:00,0.004962976691423426
2018-05-08 21:00:00+00:00,-0.0003317065684088627
2018-05-09 21:00:00+00:00,0.010335840529916096
2018-05-10 21:00:00+00:00,0.00919581923548729
2018-05-11 21:00:00+00:00,0.0017485765494027472
2018-05-14 21:00:00+00:00,0.0012412617716830443
2018-05-15 21:00:00+00:00,-0.009922626275589042
2018-05-16 21:00:00+00:00,0.00594036402765985
2018-05-17 21:00:00+00:00,-0.002970875934324657
2018-05-18 21:00:00+00:00,-0.003289405505182197
2018-05-21 21:00:00+00:00,0.006774220775010997
2018-05-22 21:00:00+00:00,-0.0018030518231598736
2018-05-23 21:00:00+00:00,0.00417982752429813
2018-05-24 21:00:00+00:00,-0.0006133340767686679
2018-05-25 21:00:00+00:00,-0.0015912809447746756
2018-05-28 21:00:00+00:00,0.0
2018-05-29 21:00:00+00:00,-0.006125019892344596
2018-05-30 21:00:00+00:00,0.00923314986817636
2018-05-31 21:00:00+00:00,-0.0043769294398765535
2018-06-01 21:00:00+00:00,0.012718972264222694
2018-06-04 21:00:00+00:00,0.006647167986931546
2018-06-05 21:00:00+00:00,0.003216918893313103
2018-06-06 21:00:00+00:00,0.00632994951026733
2018-06-07 21:00:00+00:00,-0.0035741005357604605
2018-06-08 21:00:00+00:00,0.0006025646956395736
2018-06-11 21:00:00+00:00,0.002050805444947734
2018-06-12 21:00:00+00:00,0.0021270529669312754
2018-06-13 21:00:00+00:00,-0.001527566435564287
2018-06-14 21:00:00+00:00,0.006966144678737907
2018-06-15 21:00:00+00:00,-0.0029940225220940198
2018-06-18 21:00:00+00:00,0.0018324271298137962
2018-06-19 21:00:00+00:00,-0.004102489352923455
2018-06-20 21:00:00+00:00,0.005117957349568547
2018-06-21 21:00:00+00:00,-0.008628980833751188
2018-06-22 21:00:00+00:00,0.0003316745656543052
2018-06-25 21:00:00+00:00,-0.016954792351752124
2018-06-26 21:00:00+00:00,0.003262009990808945
2018-06-27 21:00:00+00:00,-0.0116248494664839
2018-06-28 21:00:00+00:00,0.007053058289165692
2018-06-29 21:00:00+00:00,0.0008082075283928347
2018-07-02 21:00:00+00:00,0.004466863131504795
2018-07-03 21:00:00+00:00,-0.008920396798064889
2018-07-04 21:00:00+00:00,0.0
2018-07-05 21:00:00+00:00,0.011807195948359217
2018-07-06 21:00:00+00:00,0.011911129618793703
2018-07-09 21:00:00+00:00,0.009055830888448302
2018-07-10 21:00:00+00:00,0.001816475077375923
2018-07-11 21:00:00+00:00,-0.007386082486889656
2018-07-12 21:00:00+00:00,0.013133192777686764
2018-07-13 21:00:00+00:00,0.0015517383773748783
2018-07-16 21:00:00+00:00,-0.005677020725538884
2018-07-17 21:00:00+00:00,0.009085100691836656
2018-07-18 21:00:00+00:00,-0.00023845214462236974
2018-07-19 21:00:00+00:00,-0.004374209070521107
2018-07-20 21:00:00+00:00,-0.00134198374036687
2018-07-23 21:00:00+00:00,0.006693317279308664
2018-07-24 21:00:00+00:00,0.0007426129101288925
2018-07-25 21:00:00+00:00,0.007191758258905612
2018-07-26 21:00:00+00:00,-0.0022607843429782726
2018-07-27 21:00:00+00:00,-0.012942125052765707
2018-07-30 21:00:00+00:00,-0.009231411035509729
2018-07-31 21:00:00+00:00,0.005502008268302383
2018-08-01 21:00:00+00:00,0.0009427859910891012
2018-08-02 21:00:00+00:00,0.010435668718352664
2018-08-03 21:00:00+00:00,0.003087958235075794
2018-08-06 21:00:00+00:00,0.004648808569857277
2018-08-07 21:00:00+00:00,0.00392723483418278
2018-08-08 21:00:00+00:00,-0.00119116616539372
2018-08-09 21:00:00+00:00,-1.831227231252619e-05
2018-08-10 21:00:00+00:00,-0.006221708451840557
2018-08-13 21:00:00+00:00,-0.0027180203598152763
2018-08-14 21:00:00+00:00,0.005499359639874024
2018-08-15 21:00:00+00:00,-0.009015931207870587
2018-08-16 21:00:00+00:00,0.005331287355229364
2018-08-17 21:00:00+00:00,0.001302697275056941
2018-08-20 21:00:00+00:00,0.001102973769257387
2018-08-21 21:00:00+00:00,0.0012742677273296366
2018-08-22 21:00:00+00:00,0.0022076044046417387
2018-08-23 21:00:00+00:00,-0.00115752811589942
2018-08-24 21:00:00+00:00,0.008020295133092104
2018-08-27 21:00:00+00:00,0.008566592565527165
2018-08-28 21:00:00+00:00,0.0007674467160616594
2018-08-29 21:00:00+00:00,0.008527914202100861
2018-08-30 21:00:00+00:00,-0.0035178469792472855
2018-08-31 21:00:00+00:00,0.0007697909781843038
2018-09-03 21:00:00+00:00,0.0
2018-09-04 21:00:00+00:00,-0.002085582903602501
2018-09-05 21:00:00+00:00,-0.008530557531262084
2018-09-06 21:00:00+00:00,-0.006389501181457202
2018-09-07 21:00:00+00:00,-0.0019891713344897255
2018-09-10 21:00:00+00:00,0.0023977060650077764
2018-09-11 21:00:00+00:00,0.005037048184872717
2018-09-12 21:00:00+00:00,-0.0018944571812973265
2018-09-13 21:00:00+00:00,0.008058200895835643
2018-09-14 21:00:00+00:00,-0.0010665896978260259
2018-09-17 21:00:00+00:00,-0.00961181408882461
2018-09-18 21:00:00+00:00,0.006591625763410214
2018-09-19 21:00:00+00:00,0.0007766673723847983
2018-09-20 21:00:00+00:00,0.009554871502476914
2018-09-21 21:00:00+00:00,0.00219410058124625
2018-09-24 21:00:00+00:00,-0.003318607571300425
2018-09-25 21:00:00+00:00,-0.00018174006010895916
2018-09-26 21:00:00+00:00,-0.002064583307619494
2018-09-27 21:00:00+00:00,0.00574781786433487
2018-09-28 21:00:00+00:00,-0.00030408287152605684
2018-10-01 21:00:00+00:00,0.0032363364313743315
2018-10-02 21:00:00+00:00,-0.0016876320204211037
2018-10-03 21:00:00+00:00,0.0012862870854319919
2018-10-04 21:00:00+00:00,-0.013635861825943119
2018-10-05 21:00:00+00:00,-0.007441282044035047
2018-10-08 21:00:00+00:00,-0.00286806774471704
2018-10-09 21:00:00+00:00,-0.0005414512950852046
2018-10-10 21:00:00+00:00,-0.043101842274596014
2018-10-11 21:00:00+00:00,-0.006851090309935359
2018-10-12 21:00:00+00:00,0.013938614773488567
2018-10-15 21:00:00+00:00,-0.0100605745748098
2018-10-16 21:00:00+00:00,0.03178247111528609
2018-10-17 21:00:00+00:00,-0.0029124285682764484
2018-10-18 21:00:00+00:00,-0.019645271706406398
2018-10-19 21:00:00+00:00,-0.002981844015106483
2018-10-22 21:00:00+00:00,0.0011557924863956348
2018-10-23 21:00:00+00:00,-0.0029516043993186303
2018-10-24 21:00:00+00:00,-0.035982481459066684
2018-10-25 21:00:00+00:00,0.011012918572010477
2018-10-26 21:00:00+00:00,-0.005954750266690012
2018-10-29 21:00:00+00:00,-0.01595803008517438
2018-10-30 21:00:00+00:00,0.013902992073141052
2018-10-31 21:00:00+00:00,0.016169803934644067
2018-11-01 21:00:00+00:00,0.012208415615980517
2018-11-02 21:00:00+00:00,-0.009196550453164365
2018-11-05 22:00:00+00:00,0.0008700277851492189
2018-11-06 22:00:00+00:00,0.008319824111751029
2018-11-07 22:00:00+00:00,0.024628655065551897
2018-11-08 22:00:00+00:00,-0.004898267208679141
2018-11-09 22:00:00+00:00,-0.014491576020716268
2018-11-12 22:00:00+00:00,-0.022930490382696456
2018-11-13 22:00:00+00:00,0.0011764892923575854
2018-11-14 22:00:00+00:00,-0.010764075934863393
2018-11-15 22:00:00+00:00,0.017294838344012353
2018-11-16 22:00:00+00:00,0.00027432411272543256
2018-11-19 22:00:00+00:00,-0.02424796952682351
2018-11-20 22:00:00+00:00,-0.020919378126993737
2018-11-21 22:00:00+00:00,0.005157087947402772
2018-11-22 22:00:00+00:00,0.0
2018-11-23 22:00:00+00:00,-0.007109585682765429
2018-11-26 22:00:00+00:00,0.018803614611174746
2018-11-27 22:00:00+00:00,0.005495493919852379
2018-11-28 22:00:00+00:00,0.02440385004839274
2018-11-29 22:00:00+00:00,0.00012007058695107098
2018-11-30 22:00:00+00:00,0.005178180336496752
2018-12-03 22:00:00+00:00,0.01362072376834389
2018-12-04 22:00:00+00:00,-0.033945349415716364
2018-12-05 22:00:00+00:00,0.0
2018-12-06 22:00:00+00:00,-0.000652987603091959
2018-12-07 22:00:00+00:00,-0.02472618243326541
2018-12-10 22:00:00+00:00,0.006778178361405152
2018-12-11 22:00:00+00:00,0.0008965006340795334
2018-12-12 22:00:00+00:00,0.005911102636412036
2018-12-13 22:00:00+00:00,-0.0025840051081490456
2018-12-14 22:00:00+00:00,-0.019380232662818964
2018-12-17 22:00:00+00:00,-0.019612793324866984
2018-12-18 22:00:00+00:00,-0.0037403986463814265
2018-12-19 22:00:00+00:00,-0.016145666073997478
2018-12-20 22:00:00+00:00,-0.005665699826711834
2018-12-21 22:00:00+00:00,-0.007672927775731697
2018-12-24 22:00:00+00:00,-0.05461528324265297
2018-12-26 22:00:00+00:00,0.06076037233437259
2018-12-27 22:00:00+00:00,0.008002789175852065
2018-12-28 22:00:00+00:00,-0.004169172072134408
2018-12-31 22:00:00+00:00,0.007106845816178486
2019-01-02 22:00:00+00:00,0.004024438448906542
2019-01-03 22:00:00+00:00,-0.02883233279783548
2019-01-04 22:00:00+00:00,0.03889517673689702
2019-01-07 22:00:00+00:00,0.008615993798579469
2019-01-08 22:00:00+00:00,0.008986389294227015
2019-01-09 22:00:00+00:00,0.005481228721638587
2019-01-10 22:00:00+00:00,0.003823621998878979
2019-01-11 22:00:00+00:00,-0.0006883839040545681
2019-01-14 22:00:00+00:00,-0.007799404520439923
2019-01-15 22:00:00+00:00,0.01462858964864644
2019-01-16 22:00:00+00:00,0.0008261844722936562
2019-01-17 22:00:00+00:00,0.00826768563043312
2019-01-18 22:00:00+00:00,0.012399039620670349
2019-01-21 22:00:00+00:00,0.0
2019-01-22 22:00:00+00:00,-0.017545948654595578
2019-01-23 22:00:00+00:00,0.0021285728714270924
2019-01-24 22:00:00+00:00,-0.00016881549474279112
2019-01-25 22:00:00+00:00,0.014150135075198689
2019-01-28 22:00:00+00:00,-0.010501179084116297
2019-01-29 22:00:00+00:00,-0.004781456787333105
2019-01-30 22:00:00+00:00,0.02255356408386544
2019-01-31 22:00:00+00:00,0.00969798069781036
2019-02-01 22:00:00+00:00,-0.002580840679523577
2019-02-04 22:00:00+00:00,0.007431765221887154
2019-02-05 22:00:00+00:00,0.006698350464311886
2019-02-06 22:00:00+00:00,-0.0011186276878472068
2019-02-07 22:00:00+00:00,-0.011046423034222985
2019-02-08 22:00:00+00:00,0.001210653753026536
2019-02-11 22:00:00+00:00,0.00021985269869184698
2019-02-12 22:00:00+00:00,0.014260419337900343
2019-02-13 22:00:00+00:00,0.0007633146638286181
2019-02-14 22:00:00+00:00,-0.0009191287044857388
2019-02-15 22:00:00+00:00,0.009421307278634217
2019-02-18 22:00:00+00:00,0.0
2019-02-19 22:00:00+00:00,0.0006346313054557129
2019-02-20 22:00:00+00:00,0.001907455049629636
2019-02-21 22:00:00+00:00,-0.005009435825676367
2019-02-22 22:00:00+00:00,0.006852394870151324
2019-02-25 22:00:00+00:00,0.0035869795019563
2019-02-26 22:00:00+00:00,-0.0015716831922211183
2019-02-27 22:00:00+00:00,0.0009293217610646387
2019-02-28 22:00:00+00:00,-0.0032188155043165745
2019-03-01 22:00:00+00:00,0.00740888591076061
2019-03-04 22:00:00+00:00,-0.0032243303676727786
2019-03-05 22:00:00+00:00,0.0013085753093373675
2019-03-06 22:00:00+00:00,-0.007370908661231135
2019-03-07 22:00:00+00:00,-0.009677857110546473
2019-03-08 22:00:00+00:00,-0.0006274551285441188
2019-03-11 21:00:00+00:00,0.01641548694386641
2019-03-12 21:00:00+00:00,0.004281362936035205
2019-03-13 21:00:00+00:00,0.008283490990672604
2019-03-14 21:00:00+00:00,-0.003188010835497135
2019-03-15 21:00:00+00:00,0.002879323968496328
2019-03-18 21:00:00+00:00,0.011269133562612721
2019-03-19 21:00:00+00:00,0.0002797448541973502
2019-03-20 21:00:00+00:00,0.00037905227685608445
2019-03-21 21:00:00+00:00,0.01464805393441182
2019-03-22 21:00:00+00:00,-0.019994899376539976
2019-03-25 21:00:00+00:00,-0.001575348354132755
2019-03-26 21:00:00+00:00,0.004379769282504498
2019-03-27 21:00:00+00:00,-0.005058099794941762
2019-03-28 21:00:00+00:00,0.0030973307064243727
2019-03-29 21:00:00+00:00,0.006263755653167058
2019-04-01 21:00:00+00:00,0.012375700805205003
2019-04-02 21:00:00+00:00,0.0006859710934972174
2019-04-03 21:00:00+00:00,0.006340313599562775
2019-04-04 21:00:00+00:00,-0.0007717044711333942
2019-04-05 21:00:00+00:00,0.00511167781708477
2019-04-08 21:00:00+00:00,0.0016201173965457727
2019-04-09 21:00:00+00:00,-0.0047400081887184475
2019-04-10 21:00:00+00:00,0.005207874197288964
2019-04-11 21:00:00+00:00,-0.002005797023235223
2019-04-12 21:00:00+00:00,0.005948370844871542
2019-04-15 21:00:00+00:00,-0.0008197841235141334
2019-04-16 21:00:00+00:00,0.0023515275962635585
2019-04-17 21:00:00+00:00,-0.001326200625304752
2019-04-18 21:00:00+00:00,0.0031284360730849947
2019-04-22 21:00:00+00:00,0.0018372750286865802
2019-04-23 21:00:00+00:00,0.01098783561253125
2019-04-24 21:00:00+00:00,-0.0006766585849680151
2019-04-25 21:00:00+00:00,-0.0038355245890430156
2019-04-26 21:00:00+00:00,0.005289447231730415
2019-04-29 21:00:00+00:00,-0.001369914303270825
2019-04-30 21:00:00+00:00,0.00012130007211830218
2019-05-01 21:00:00+00:00,-0.0071845037003061
2019-05-02 21:00:00+00:00,-0.0023610784109031613
2019-05-03 21:00:00+00:00,0.013494228050450197
2019-05-06 21:00:00+00:00,-0.006418930793293698
2019-05-07 21:00:00+00:00,-0.01540148664364327
2019-05-08 21:00:00+00:00,-0.0022949376639239683
2019-05-09 21:00:00+00:00,-0.005903588967963502
2019-05-10 21:00:00+00:00,0.003531944856378866
2019-05-13 21:00:00+00:00,-0.03310599377767942
2019-05-14 21:00:00+00:00,0.012961740116527398
2019-05-15 21:00:00+00:00,0.009884272696280227
2019-05-16 21:00:00+00:00,0.008822690829465296
2019-05-17 21:00:00+00:00,-0.008603088972445327
2019-05-20 21:00:00+00:00,-0.010930993117100551
2019-05-21 21:00:00+00:00,0.008722921014099994
2019-05-22 21:00:00+00:00,-0.003730558577998977
2019-05-23 21:00:00+00:00,-0.014620178232179093
2019-05-24 21:00:00+00:00,0.0025753031686008843
2019-05-27 21:00:00+00:00,0.0
2019-05-28 21:00:00+00:00,-0.006287014887242592
2019-05-29 21:00:00+00:00,-0.009860632959615478
2019-05-30 21:00:00+00:00,0.00457695612353759
2019-05-31 21:00:00+00:00,-0.015153330842632373
2019-06-03 21:00:00+00:00,-0.00990852567436662
2019-06-04 21:00:00+00:00,0.023215520710586857
2019-06-05 21:00:00+00:00,0.007533883635764127
2019-06-06 21:00:00+00:00,0.00688383269364734
2019-06-07 21:00:00+00:00,0.01435373375831972
2019-06-10 21:00:00+00:00,0.008760888172800962
2019-06-11 21:00:00+00:00,-0.0002336819656509892
2019-06-12 21:00:00+00:00,-0.003948559796853268
2019-06-13 21:00:00+00:00,0.005618246314307296
2019-06-14 21:00:00+00:00,-0.0035478587109445403
2019-06-17 21:00:00+00:00,0.0038378726180976486
2019-06-18 21:00:00+00:00,0.012429928767992093
2019-06-19 21:00:00+00:00,0.0031140730599124034
2019-06-20 21:00:00+00:00,0.009206168668250081
2019-06-21 21:00:00+00:00,-0.0016660368644245693
2019-06-24 21:00:00+00:00,0.001841471753666779
2019-06-25 21:00:00+00:00,-0.013345087615802775
2019-06-26 21:00:00+00:00,0.0006158173239489972
2019-06-27 21:00:00+00:00,0.004865319714615568
2019-06-28 21:00:00+00:00,0.0025634172958286516
2019-07-01 21:00:00+00:00,0.010163030560177422
2019-07-02 21:00:00+00:00,0.0050380880334963685
2019-07-03 21:00:00+00:00,0.006649497732081455
2019-07-04 21:00:00+00:00,0.0
2019-07-05 21:00:00+00:00,-0.003886398907982702
2019-07-08 21:00:00+00:00,-0.005180261762510963
2019-07-09 21:00:00+00:00,0.003331841791254231
2019-07-10 21:00:00+00:00,0.007822081530661995
2019-07-11 21:00:00+00:00,0.0005206062459734984
2019-07-12 21:00:00+00:00,0.00449873276660151
2019-07-15 21:00:00+00:00,0.0019187768175499276
2019-07-16 21:00:00+00:00,-0.0044204607877983415
2019-07-17 21:00:00+00:00,-0.007276810926251653
2019-07-18 21:00:00+00:00,0.005109091305390168
2019-07-19 21:00:00+00:00,-0.009066778853868973
2019-07-22 21:00:00+00:00,0.007125459292312231
2019-07-23 21:00:00+00:00,0.006892520572174821
2019-07-24 21:00:00+00:00,0.005608775500074437
2019-07-25 21:00:00+00:00,-0.005955191209923161
2019-07-26 21:00:00+00:00,0.005405813840524187
2019-07-29 21:00:00+00:00,-0.0015846805623255245
2019-07-30 21:00:00+00:00,-0.003922825294480625
2019-07-31 21:00:00+00:00,-0.011015940943156388
2019-08-01 21:00:00+00:00,-0.008859391544498996
2019-08-02 21:00:00+00:00,-0.009973853876873107
2019-08-05 21:00:00+00:00,-0.03799234190437839
2019-08-06 21:00:00+00:00,0.016945624596711673
2019-08-07 21:00:00+00:00,0.0032225785176593913
2019-08-08 21:00:00+00:00,0.022374508928267867
2019-08-09 21:00:00+00:00,-0.008279434231269978
2019-08-12 21:00:00+00:00,-0.012918573635646191
2019-08-13 21:00:00+00:00,0.02087273633305764
2019-08-14 21:00:00+00:00,-0.03230308409141325
2019-08-15 21:00:00+00:00,0.0019030542874896028
2019-08-16 21:00:00+00:00,0.01527332477441301
2019-08-19 21:00:00+00:00,0.013120851130971944
2019-08-20 21:00:00+00:00,-0.008245340025719528
2019-08-21 21:00:00+00:00,0.010729989231873738
2019-08-22 21:00:00+00:00,-0.0036666866425624223
2019-08-23 21:00:00+00:00,-0.024792210135645254
2019-08-26 21:00:00+00:00,0.010571954623745272
2019-08-27 21:00:00+00:00,-0.0049662062885688085
2019-08-28 21:00:00+00:00,0.006728866656216637
2019-08-29 21:00:00+00:00,0.013803296814884236
2019-08-30 21:00:00+00:00,-0.0016804964475863882
2019-09-02 21:00:00+00:00,0.0
2019-09-03 21:00:00+00:00,-0.00791720269242846
2019-09-04 21:00:00+00:00,0.012466121006998288
2019-09-05 21:00:00+00:00,0.014199368275721325
2019-09-06 21:00:00+00:00,0.0016699131119914945
2019-09-09 21:00:00+00:00,-0.0020888276127279948
2019-09-10 21:00:00+00:00,-0.0009217962107824773
2019-09-11 21:00:00+00:00,0.008707067342251573
2019-09-12 21:00:00+00:00,0.003626140365742714
2019-09-13 21:00:00+00:00,-0.0030610168464164644
2019-09-16 21:00:00+00:00,-0.0030964727136914005
2019-09-17 21:00:00+00:00,0.003191039821563102
2019-09-18 21:00:00+00:00,0.0003734559658505887
2019-09-19 21:00:00+00:00,7.81360217911864e-05
2019-09-20 21:00:00+00:00,0.0015175434217866712
2019-09-23 21:00:00+00:00,-0.005851384912708757
2019-09-24 21:00:00+00:00,-0.011698672537437171
2019-09-25 21:00:00+00:00,0.008072288890898394
2019-09-26 21:00:00+00:00,-0.003028028958808715
2019-09-27 21:00:00+00:00,-0.008225088274860015
2019-09-30 21:00:00+00:00,0.006901496024835696
2019-10-01 21:00:00+00:00,-0.011778925392814
2019-10-02 21:00:00+00:00,-0.01947786252751893
2019-10-03 21:00:00+00:00,0.012797920763112591
2019-10-04 21:00:00+00:00,0.013849888260400345
2019-10-07 21:00:00+00:00,-0.0040705982653024275
2019-10-08 21:00:00+00:00,-0.015311055717694755
2019-10-09 21:00:00+00:00,0.009677666369377391
2019-10-10 21:00:00+00:00,0.0077045073821850885
2019-10-11 21:00:00+00:00,0.011388714879261963
2019-10-14 21:00:00+00:00,-0.001011144475474346
2019-10-15 21:00:00+00:00,0.011924740275958134
2019-10-16 21:00:00+00:00,-0.0017644932007473413
2019-10-17 21:00:00+00:00,0.0013858946720048948
2019-10-18 21:00:00+00:00,-0.006055709932360598
2019-10-21 21:00:00+00:00,0.007299794952028371
2019-10-22 21:00:00+00:00,-0.007497831339896788
2019-10-23 21:00:00+00:00,0.004570609044008078
2019-10-24 21:00:00+00:00,0.001364727119666398
2019-10-25 21:00:00+00:00,0.009295230831565693
2019-10-28 21:00:00+00:00,0.006294317296277274
2019-10-29 21:00:00+00:00,-0.0024448052155843225
2019-10-30 21:00:00+00:00,0.005406295511363179
2019-10-31 21:00:00+00:00,-0.0032926992689271684
2019-11-01 21:00:00+00:00,0.008877829541404703
2019-11-04 22:00:00+00:00,0.005402512570254814
2019-11-05 22:00:00+00:00,-0.0009257369602586607
2019-11-06 22:00:00+00:00,0.0003832732801665184
2019-11-07 22:00:00+00:00,0.0031386896654801433
2019-11-08 22:00:00+00:00,0.002327240677397091
2019-11-11 22:00:00+00:00,-0.000942134122213667
2019-11-12 22:00:00+00:00,0.00223601130788853
2019-11-13 22:00:00+00:00,4.390953798805164e-05
2019-11-14 22:00:00+00:00,0.00023626475870686114
2019-11-15 22:00:00+00:00,0.0066702899308095365
2019-11-18 22:00:00+00:00,0.001439010259956186
2019-11-19 22:00:00+00:00,-7.464636285592352e-05
2019-11-20 22:00:00+00:00,-0.004464600466989377
2019-11-21 22:00:00+00:00,-0.0018392576314609776
2019-11-22 22:00:00+00:00,0.00160266442961432
2019-11-25 22:00:00+00:00,0.009142238056545127
2019-11-26 22:00:00+00:00,0.003218693610924195
2019-11-27 22:00:00+00:00,0.0047580142287675375
2019-11-28 22:00:00+00:00,0.0
2019-11-29 22:00:00+00:00,-0.003774867941068516
2019-12-02 22:00:00+00:00,-0.010695209154868768
2019-12-03 22:00:00+00:00,-0.007633254638558351
2019-12-04 22:00:00+00:00,0.005930753427669799
2019-12-05 22:00:00+00:00,0.001940280174791864
2019-12-06 22:00:00+00:00,0.009990130382837359
2019-12-09 22:00:00+00:00,-0.004441628281589671
2019-12-10 22:00:00+00:00,0.0006963903422851914
2019-12-11 22:00:00+00:00,0.0035703886953522
2019-12-12 22:00:00+00:00,0.007557768678367882
2019-12-13 22:00:00+00:00,0.002297498483651017
2019-12-16 22:00:00+00:00,0.008305011532474316
2019-12-17 22:00:00+00:00,-0.00034959099873910215
2019-12-18 22:00:00+00:00,0.0012371359090825873
2019-12-19 22:00:00+00:00,0.004932334348873413
2019-12-20 22:00:00+00:00,0.007514836884676024
2019-12-23 22:00:00+00:00,0.0004616674810455912
2019-12-24 22:00:00+00:00,-7.175345512833164e-05
2019-12-26 22:00:00+00:00,0.007161907343695706
2019-12-27 22:00:00+00:00,-0.002272030082628218
2019-12-30 22:00:00+00:00,-0.004970969616783005
2019-12-31 22:00:00+00:00,0.002228774313675075
2020-01-02 22:00:00+00:00,0.012225031278655596
2020-01-03 22:00:00+00:00,-0.008192420684437596
2020-01-06 22:00:00+00:00,0.003348417724027053
2020-01-07 22:00:00+00:00,-0.0009991982717424408
2020-01-08 22:00:00+00:00,0.00901759240956701
2020-01-09 22:00:00+00:00,0.006006323683251713
2020-01-10 22:00:00+00:00,-0.0034292190493993013
2020-01-13 22:00:00+00:00,0.009926392283988505
2020-01-14 22:00:00+00:00,-0.001665870170476036
2020-01-15 22:00:00+00:00,0.0007558344606248824
2020-01-16 22:00:00+00:00,0.0075100314499512155
2020-01-17 22:00:00+00:00,0.0035136683235497124
2020-01-20 22:00:00+00:00,0.0
2020-01-21 22:00:00+00:00,-0.0010975287406959078
2020-01-22 22:00:00+00:00,0.001434299312188303
2020-01-23 22:00:00+00:00,0.003772089220441366
2020-01-24 22:00:00+00:00,-0.01050117601725975
2020-01-27 22:00:00+00:00,-0.01858413562563377
2020-01-28 22:00:00+00:00,0.014380787378064808
2020-01-29 22:00:00+00:00,-0.0012567703905671523
2020-01-30 22:00:00+00:00,0.009068276736583725
2020-01-31 22:00:00+00:00,-0.021862648458681355
2020-02-03 22:00:00+00:00,0.009786800195657364
2020-02-04 22:00:00+00:00,0.02151799002013477
2020-02-05 22:00:00+00:00,0.006821609762786229
2020-02-06 22:00:00+00:00,0.005470248430992086
2020-02-07 22:00:00+00:00,-0.005395338337377931
2020-02-10 22:00:00+00:00,0.010410401322484164
2020-02-11 22:00:00+00:00,0.0006607937761837768
2020-02-12 22:00:00+00:00,0.008601482717529807
2020-02-13 22:00:00+00:00,-0.0011072841491440721
2020-02-14 22:00:00+00:00,0.001520721925133639
2020-02-17 22:00:00+00:00,0.0
2020-02-18 22:00:00+00:00,-0.0015480765843682853
2020-02-19 22:00:00+00:00,0.0077430999138417
2020-02-20 22:00:00+00:00,-0.008289817472923233
2020-02-21 22:00:00+00:00,-0.013108144514738518
2020-02-24 22:00:00+00:00,-0.03636569018751412
2020-02-25 22:00:00+00:00,-0.02760411375340921
2020-02-26 22:00:00+00:00,-0.003801372271279635
2020-02-27 22:00:00+00:00,-0.051127115926449584
2020-02-28 22:00:00+00:00,0.0032201635375461723
2020-03-02 22:00:00+00:00,0.039329389730247355
2020-03-03 22:00:00+00:00,-0.02300474364541094
2020-03-04 22:00:00+00:00,0.0379997746554106
2020-03-05 22:00:00+00:00,-0.029904840013025624
2020-03-06 22:00:00+00:00,-0.016978829302052856
2020-03-09 21:00:00+00:00,-0.06903144346521028
2020-03-10 21:00:00+00:00,0.04546504308763799
2020-03-11 21:00:00+00:00,-0.04163400023389885
2020-03-12 21:00:00+00:00,-0.09891438462963886
2020-03-13 21:00:00+00:00,0.09473269750189983
2020-03-16 21:00:00+00:00,-0.1063211742039829
2020-03-17 21:00:00+00:00,0.04121187574659202
2020-03-18 21:00:00+00:00,-0.028460078339073824
2020-03-19 21:00:00+00:00,0.002663301429465692
2020-03-20 21:00:00+00:00,0.01583081021244781
2020-03-23 21:00:00+00:00,-0.07348360134492449
2020-03-24 21:00:00+00:00,0.08959941138876815
2020-03-25 21:00:00+00:00,-0.00028587693983517237
2020-03-26 21:00:00+00:00,0.053777489627834685
2020-03-27 21:00:00+00:00,-0.033766270223735906
2020-03-30 21:00:00+00:00,0.036304517303660244
2020-03-31 21:00:00+00:00,-0.012237488581381184
2020-04-01 21:00:00+00:00,-0.046051122185666205
2020-04-02 21:00:00+00:00,0.0266735429099898
2020-04-03 21:00:00+00:00,-0.01358677933437824
2020-04-06 21:00:00+00:00,0.06643604037673856
2020-04-07 21:00:00+00:00,-0.0016001322347442004
2020-04-08 21:00:00+00:00,0.02855191633784937
2020-04-09 21:00:00+00:00,0.010366435730110535
2020-04-13 21:00:00+00:00,0.002551189743907445
2020-04-14 21:00:00+00:00,0.03735828152346388
2020-04-15 21:00:00+00:00,-0.017441588337666403
2020-04-16 21:00:00+00:00,0.010668473977324844
2020-04-17 21:00:00+00:00,0.018624331822904905
2020-04-20 21:00:00+00:00,-0.017575002944591245
2020-04-21 21:00:00+00:00,-0.028360579928579432
2020-04-22 21:00:00+00:00,0.022683955976159353
2020-04-23 21:00:00+00:00,-0.003703623906579745
2020-04-24 21:00:00+00:00,0.01874266090856591
2020-04-27 21:00:00+00:00,0.009991763746900695
2020-04-28 21:00:00+00:00,-0.006443951701888495
2020-04-29 21:00:00+00:00,0.031242001231149397
2020-04-30 21:00:00+00:00,-0.009074909025267641
2020-05-01 21:00:00+00:00,-0.029051449674377006
2020-05-04 21:00:00+00:00,0.005223435101483931
2020-05-05 21:00:00+00:00,0.013245243801565332
2020-05-06 21:00:00+00:00,-0.0025181324374392577
2020-05-07 21:00:00+00:00,0.01695793776703347
2020-05-08 21:00:00+00:00,0.014390864462983766
2020-05-11 21:00:00+00:00,0.0025244768474348422
2020-05-12 21:00:00+00:00,-0.022809174803379628
2020-05-13 21:00:00+00:00,-0.011561773885092386
2020-05-14 21:00:00+00:00,0.010846205718679336
2020-05-15 21:00:00+00:00,0.0009061020570180212
2020-05-18 21:00:00+00:00,0.03017329086537468
2020-05-19 21:00:00+00:00,-0.006113070643958496
2020-05-20 21:00:00+00:00,0.0185615178547891
2020-05-21 21:00:00+00:00,-0.012250383259999609
2020-05-22 21:00:00+00:00,0.00543017070570051
2020-05-25 21:00:00+00:00,0.0
2020-05-26 21:00:00+00:00,0.006669860929289895
2020-05-27 21:00:00+00:00,0.007981869525907292
2020-05-28 21:00:00+00:00,0.0019302730832606585
2020-05-29 21:00:00+00:00,0.006152353571027058
2020-06-01 21:00:00+00:00,0.003788391021532833
2020-06-02 21:00:00+00:00,0.006476289400518587
2020-06-03 21:00:00+00:00,0.00833376980870737
2020-06-04 21:00:00+00:00,-0.004267116079793798
2020-06-05 21:00:00+00:00,0.02164533947999403
2020-06-08 21:00:00+00:00,0.010202846584741243
2020-06-09 21:00:00+00:00,0.00017784633702078168
2020-06-10 21:00:00+00:00,0.004220759774194116
2020-06-11 21:00:00+00:00,-0.050760550884498046
2020-06-12 21:00:00+00:00,0.005401690605456588
2020-06-15 21:00:00+00:00,0.014479450663625215
2020-06-16 21:00:00+00:00,0.017857349119260846
2020-06-17 21:00:00+00:00,-0.0004614866679527596
2020-06-18 21:00:00+00:00,-0.0012961652430925064
2020-06-19 21:00:00+00:00,0.014557339280064197
2020-06-22 21:00:00+00:00,-0.007341670371751596
2020-06-23 21:00:00+00:00,0.004913940201185518
2020-06-24 21:00:00+00:00,-0.021420508049071363
2020-06-25 21:00:00+00:00,0.007896211922658214
2020-06-26 21:00:00+00:00,-0.022728631584341907
2020-06-29 21:00:00+00:00,0.013010029677279045
2020-06-30 21:00:00+00:00,0.01664779737350952
2020-07-01 21:00:00+00:00,0.008579858501641224
2020-07-02 21:00:00+00:00,0.008930391190774989
2020-07-03 21:00:00+00:00,0.0
2020-07-06 21:00:00+00:00,0.019769116292516875
2020-07-07 21:00:00+00:00,-0.009180439294424692
2020-07-08 21:00:00+00:00,0.010179853245034565
2020-07-09 21:00:00+00:00,-0.0008334173105676301
2020-07-10 21:00:00+00:00,0.010919786183717362
2020-07-13 21:00:00+00:00,-0.015129576150761825
2020-07-14 21:00:00+00:00,0.00781652119632481
2020-07-15 21:00:00+00:00,0.007476087115974472
2020-07-16 21:00:00+00:00,-0.011446398766107868
2020-07-17 21:00:00+00:00,0.008830359269786037
2020-07-20 21:00:00+00:00,0.021649239243876295
2020-07-21 21:00:00+00:00,-0.003990031537392746
2020-07-22 21:00:00+00:00,0.0002816522179669434
2020-07-23 21:00:00+00:00,-0.018750276702940494
2020-07-24 21:00:00+00:00,-0.008327061868228847
2020-07-27 21:00:00+00:00,0.01564652591617932
2020-07-28 21:00:00+00:00,-0.009890150256101071
2020-07-29 21:00:00+00:00,0.013236547639084106
2020-07-30 21:00:00+00:00,0.005386023665996831
2020-07-31 21:00:00+00:00,0.007158585906139825
2020-08-03 21:00:00+00:00,0.011562477951033712
2020-08-04 21:00:00+00:00,0.0038406207768428846
2020-08-05 21:00:00+00:00,0.0027411180739216334
2020-08-06 21:00:00+00:00,0.01144900308442276
2020-08-07 21:00:00+00:00,-0.006567448440520152
2020-08-10 21:00:00+00:00,-0.0008611623536713964
2020-08-11 21:00:00+00:00,-0.012881979464411275
2020-08-12 21:00:00+00:00,0.018406999204635843
2020-08-13 21:00:00+00:00,0.0020194131429209783
2020-08-14 21:00:00+00:00,-0.0029540667881182703
2020-08-17 21:00:00+00:00,0.010182167419469534
2020-08-18 21:00:00+00:00,0.006943340133526377
2020-08-19 21:00:00+00:00,-0.005822084397421823
2020-08-20 21:00:00+00:00,0.0071456603619719505
2020-08-21 21:00:00+00:00,0.005214949014447967
2020-08-24 21:00:00+00:00,0.008276466190585197
2020-08-25 21:00:00+00:00,0.005916731367913375
2020-08-26 21:00:00+00:00,0.01606982867949447
2020-08-27 21:00:00+00:00,-0.0007718537190647412
2020-08-28 21:00:00+00:00,0.004348697590738526
2020-08-31 21:00:00+00:00,0.0039574850255679195
2020-09-01 21:00:00+00:00,0.011772320984841045
2020-09-02 21:00:00+00:00,0.011307083520027517
2020-09-03 21:00:00+00:00,-0.03990115336865152
2020-09-04 21:00:00+00:00,-0.01645497461916412
2020-09-07 21:00:00+00:00,0.0
2020-09-08 21:00:00+00:00,-0.031945082158476024
2020-09-09 21:00:00+00:00,0.023844883846905418
2020-09-10 21:00:00+00:00,-0.019211345047300488
2020-09-11 21:00:00+00:00,-0.006672895620288499
2020-09-14 21:00:00+00:00,0.016702495673668993
2020-09-15 21:00:00+00:00,0.012254630520972976
2020-09-16 21:00:00+00:00,-0.011602160193296407
2020-09-17 21:00:00+00:00,-0.011599560982629153
2020-09-18 21:00:00+00:00,0.0014191371946334908
2020-09-21 21:00:00+00:00,-0.019676594922363955
2020-09-22 21:00:00+00:00,0.0117147189520459
2020-09-23 21:00:00+00:00,-0.023959574722752897
2020-09-24 21:00:00+00:00,0.003756271560572122
2020-09-25 21:00:00+00:00,0.01824894094524776
2020-09-28 21:00:00+00:00,0.01997203862425856
2020-09-29 21:00:00+00:00,-0.004211813023120237
2020-09-30 21:00:00+00:00,0.005667752108393431
2020-10-01 21:00:00+00:00,0.009256823875200215
2020-10-02 21:00:00+00:00,-0.01815154796724927
2020-10-05 21:00:00+00:00,0.01804130352992117
2020-10-06 21:00:00+00:00,-0.01395501892141604
2020-10-07 21:00:00+00:00,0.016301194736382696
2020-10-08 21:00:00+00:00,0.007449001242763265
2020-10-09 21:00:00+00:00,0.01282967398035817
2020-10-12 21:00:00+00:00,0.02363116957703526
2020-10-13 21:00:00+00:00,-0.00422728679770934
2020-10-14 21:00:00+00:00,-0.008114028696606712
2020-10-15 21:00:00+00:00,-0.004735379454721356
2020-10-16 21:00:00+00:00,-0.004947340712112003
2020-10-19 21:00:00+00:00,-0.011704205503498488
2020-10-20 21:00:00+00:00,0.0018462185042127377
2020-10-21 21:00:00+00:00,0.0012560116262230192
2020-10-22 21:00:00+00:00,0.0008504228422079319
2020-10-23 21:00:00+00:00,0.0009219621347660301
2020-10-26 21:00:00+00:00,-0.015521997171934476
2020-10-27 21:00:00+00:00,0.002280928454203135
2020-10-28 21:00:00+00:00,-0.03646730834731493
2020-10-29 21:00:00+00:00,0.014886056857667196
2020-10-30 21:00:00+00:00,-0.01804502742617131
2020-11-02 22:00:00+00:00,0.006350632698532754
2020-11-03 22:00:00+00:00,0.018015242461665304
2020-11-04 22:00:00+00:00,0.03171509249594129
2020-11-05 22:00:00+00:00,0.02287241315020827
2020-11-06 22:00:00+00:00,-0.0006415927052854098
2020-11-09 22:00:00+00:00,-0.0035918212503525115
2020-11-10 22:00:00+00:00,-0.008337095927855809
2020-11-11 22:00:00+00:00,0.014527994014555068
2020-11-12 22:00:00+00:00,-0.008155799544905529
2020-11-13 22:00:00+00:00,0.01244354220678634
2020-11-16 22:00:00+00:00,0.008703998814664882
2020-11-17 22:00:00+00:00,-0.003676200572864663
2020-11-18 22:00:00+00:00,-0.00952127604168751
2020-11-19 22:00:00+00:00,0.006270203629939131
2020-11-20 22:00:00+00:00,-0.006871048262944046
2020-11-23 22:00:00+00:00,0.0031496687626682007
2020-11-24 22:00:00+00:00,0.014854037775799966
2020-11-25 22:00:00+00:00,0.0026080035494291387
2020-11-26 22:00:00+00:00,0.0
2020-11-27 22:00:00+00:00,0.005989942479739385
2020-11-30 22:00:00+00:00,-0.0012676389436342417
2020-12-01 22:00:00+00:00,0.01193235098177281
2020-12-02 22:00:00+00:00,0.0010226137258007029
2020-12-03 22:00:00+00:00,-8.649440513663897e-05
2020-12-04 22:00:00+00:00,0.007083803184048776
2020-12-07 22:00:00+00:00,0.001590189267344444
2020-12-08 22:00:00+00:00,0.0031034786464907427
2020-12-09 22:00:00+00:00,-0.014089963500417135
2020-12-10 22:00:00+00:00,0.0007499548855263161
2020-12-11 22:00:00+00:00,-0.002292673825970648
2020-12-14 22:00:00+00:00,0.0012463813473124752
2020-12-15 22:00:00+00:00,0.011824711083048722
2020-12-16 22:00:00+00:00,0.0035935358059968614
2020-12-17 22:00:00+00:00,0.006007027437170853
2020-12-18 22:00:00+00:00,0.0024898032868143627
2020-12-21 22:00:00+00:00,-0.009831741886207834
2020-12-22 22:00:00+00:00,-0.00019882033269269517
2020-12-23 22:00:00+00:00,-0.0015839419884137174
2020-12-24 22:00:00+00:00,0.0038491794824682124
2020-12-28 22:00:00+00:00,0.009233062145137305
2020-12-29 22:00:00+00:00,-0.0007269496385444718
2020-12-30 22:00:00+00:00,0.0006016567292903563
2020-12-31 22:00:00+00:00,0.004970400131690367
2021-01-04 22:00:00+00:00,-0.014992151301670642
2021-01-05 22:00:00+00:00,0.007594001170202924
2021-01-06 22:00:00+00:00,-0.0034222606633333985
2021-01-07 22:00:00+00:00,0.01904462529853057
2021-01-08 22:00:00+00:00,0.009091558859266602
2021-01-11 22:00:00+00:00,-0.010588795798480377
2021-01-12 22:00:00+00:00,9.494908543694613e-05
2021-01-13 22:00:00+00:00,0.004220312202134924
2021-01-14 22:00:00+00:00,-0.004254348514429518
2021-01-15 22:00:00+00:00,-0.007505176763490495
2021-01-18 22:00:00+00:00,0.0
2021-01-19 22:00:00+00:00,0.01053887105542084
2021-01-20 22:00:00+00:00,0.018504814031502503
2021-01-21 22:00:00+00:00,0.0037178148985530513
2021-01-22 22:00:00+00:00,-0.0027537802928693234
2021-01-25 22:00:00+00:00,0.0059229376945570955
2021-01-26 22:00:00+00:00,-0.00043957171062991574
2021-01-27 22:00:00+00:00,-0.026330930506132888
2021-01-28 22:00:00+00:00,0.007651079461624244
2021-01-29 22:00:00+00:00,-0.019802719848439176
2021-02-01 22:00:00+00:00,0.02019821720361925
2021-02-02 22:00:00+00:00,0.014679537844819679
2021-02-03 22:00:00+00:00,-0.0012390962475187228
2021-02-04 22:00:00+00:00,0.01086273049945996
2021-02-05 22:00:00+00:00,0.003835044239010932
2021-02-08 22:00:00+00:00,0.006592520485848796
2021-02-09 22:00:00+00:00,-0.0004200240323029014
2021-02-10 22:00:00+00:00,-0.0015984947868419308
2021-02-11 22:00:00+00:00,0.004139310505416827
2021-02-12 22:00:00+00:00,0.00508151232605214
2021-02-15 22:00:00+00:00,0.0
2021-02-16 22:00:00+00:00,-0.0016917224543374632
2021-02-17 22:00:00+00:00,-0.0023104119983520244
2021-02-18 22:00:00+00:00,-0.004700587537471934
2021-02-19 22:00:00+00:00,-0.0028232641009610093
2021-02-22 22:00:00+00:00,-0.01608728333378029
2021-02-23 22:00:00+00:00,-0.0005436844567391352
2021-02-24 22:00:00+00:00,0.009796066389172964
2021-02-25 22:00:00+00:00,-0.02889287765966364
2021-02-26 22:00:00+00:00,0.00032246547026204553
2021-03-01 22:00:00+00:00,0.02540569460266129
2021-03-02 22:00:00+00:00,-0.012018783333602068
2021-03-03 22:00:00+00:00,-0.020073237685736656
2021-03-04 22:00:00+00:00,-0.015223101086175084
2021-03-05 22:00:00+00:00,0.019153937087156514
2021-03-08 22:00:00+00:00,-0.018159700382666677
2021-03-09 22:00:00+00:00,0.028607881377608724
2021-03-10 22:00:00+00:00,0.0014733523358196887
2021-03-11 22:00:00+00:00,0.017887608344219874
2021-03-12 22:00:00+00:00,-0.003982169608485964
2021-03-15 21:00:00+00:00,0.009314904067152519
2021-03-16 21:00:00+00:00,0.0023230834925533905
2021-03-17 21:00:00+00:00,0.00354052556811979
2021-03-18 21:00:00+00:00,-0.02396890113679495
2021-03-19 21:00:00+00:00,3.277700503079295e-05
2021-03-22 21:00:00+00:00,0.013252757586900588
2021-03-23 21:00:00+00:00,-0.006675280877477485
2021-03-24 21:00:00+00:00,-0.011287002985827521
2021-03-25 21:00:00+00:00,0.0016699396688610868
2021-03-26 21:00:00+00:00,0.016794414916984746
2021-03-29 21:00:00+00:00,-0.0016703757649786377
2021-03-30 21:00:00+00:00,-0.004206766034857035
2021-03-31 21:00:00+00:00,0.011343270388826987
2021-04-01 21:00:00+00:00,0.014800312321551434
2021-04-05 21:00:00+00:00,0.01829301553761531
2021-04-06 21:00:00+00:00,-0.0010875763259373672
2021-04-07 21:00:00+00:00,0.0021351841084724654
2021-04-08 21:00:00+00:00,0.008046561341300107
2021-04-09 21:00:00+00:00,0.007032386135833679
2021-04-12 21:00:00+00:00,-0.0007123386487067895
2021-04-13 21:00:00+00:00,0.008053013008232801
2021-04-14 21:00:00+00:00,-0.008655206723105713
2021-04-15 21:00:00+00:00,0.01273776076847466
2021-04-16 21:00:00+00:00,0.0022927505737020404
2021-04-19 21:00:00+00:00,-0.0076234230202604225
2021-04-20 21:00:00+00:00,-0.007576488889011523
2021-04-21 21:00:00+00:00,0.009647131081479188
2021-04-22 21:00:00+00:00,-0.011095719504835233
2021-04-23 21:00:00+00:00,0.012367706320382865
2021-04-26 21:00:00+00:00,0.004242443405447549
2021-04-27 21:00:00+00:00,-0.002303910899018047
2021-04-28 21:00:00+00:00,-0.00267352163926593
2021-04-29 21:00:00+00:00,0.0057335229144870326
2021-04-30 21:00:00+00:00,-0.0075345435842157915
2021-05-03 21:00:00+00:00,-0.0009200234313083699
2021-05-04 21:00:00+00:00,-0.013226047878376113
2021-05-05 21:00:00+00:00,-0.0015413749064164817
2021-05-06 21:00:00+00:00,0.008501501047372573
2021-05-07 21:00:00+00:00,0.00822781866309752
2021-05-10 21:00:00+00:00,-0.018785662497047828
2021-05-11 21:00:00+00:00,-0.005127546580887099
2021-05-12 21:00:00+00:00,-0.024835283736592273
2021-05-13 21:00:00+00:00,0.010403383359939067
2021-05-14 21:00:00+00:00,0.019484377706859624
2021-05-17 21:00:00+00:00,-0.004705322259453415
2021-05-18 21:00:00+00:00,-0.00802790400379283
2021-05-19 21:00:00+00:00,-0.0006159089422013153
2021-05-20 21:00:00+00:00,0.01555879435177987
2021-05-21 21:00:00+00:00,-0.0035135443842503333
2021-05-24 21:00:00+00:00,0.014383612217702124
2021-05-25 21:00:00+00:00,-0.00021421307198876693
2021-05-26 21:00:00+00:00,0.002644607469247884
2021-05-27 21:00:00+00:00,-0.0005988959843540309
2021-05-28 21:00:00+00:00,0.0012497162881073276
2021-05-31 21:00:00+00:00,0.0
2021-06-01 21:00:00+00:00,-0.0019586242357979566
2021-06-02 21:00:00+00:00,0.0019354615331348413
2021-06-03 21:00:00+00:00,-0.007458730592060925
2021-06-04 21:00:00+00:00,0.013898724534382234
2021-06-07 21:00:00+00:00,0.0011022874697041996
2021-06-08 21:00:00+00:00,0.00030939829920129114
2021-06-09 21:00:00+00:00,-0.0007893731581578578
2021-06-10 21:00:00+00:00,0.008001548421104676
2021-06-11 21:00:00+00:00,0.002265382745505029
2021-06-14 21:00:00+00:00,0.006065411055923731
2021-06-15 21:00:00+00:00,-0.004576329900917053
2021-06-16 21:00:00+00:00,-0.0047310094810135706
2021-06-17 21:00:00+00:00,0.00694076189567383
2021-06-18 21:00:00+00:00,-0.006465738810935706
2021-06-21 21:00:00+00:00,0.004110968796093184
2021-06-22 21:00:00+00:00,0.0076211413391957805
2021-06-23 21:00:00+00:00,-0.0003966257852551225
2021-06-24 21:00:00+00:00,0.0064132014944375815
2021-06-25 21:00:00+00:00,0.0012657651687664195
2021-06-28 21:00:00+00:00,0.007608388279833012
2021-06-29 21:00:00+00:00,0.002053435772907841
2021-06-30 21:00:00+00:00,0.0003297303560492182
2021-07-01 21:00:00+00:00,0.0026349876855198406
2021-07-02 21:00:00+00:00,0.009036812683357098
2021-07-05 21:00:00+00:00,0.0
2021-07-06 21:00:00+00:00,0.0012280069323182818
2021-07-07 21:00:00+00:00,0.002549710200801192
2021-07-08 21:00:00+00:00,-0.007127158678513323
2021-07-09 21:00:00+00:00,0.008649432134846036
2021-07-12 21:00:00+00:00,0.0037682727057954946
2021-07-13 21:00:00+00:00,-0.0019120756427238872
2021-07-14 21:00:00+00:00,0.0015941752189554403
2021-07-15 21:00:00+00:00,-0.005084290650976042
2021-07-16 21:00:00+00:00,-0.007592069983161309
2021-07-19 21:00:00+00:00,-0.01204277935760023
2021-07-20 21:00:00+00:00,0.013498095067121518
2021-07-21 21:00:00+00:00,0.007439524342792714
2021-07-22 21:00:00+00:00,0.00420413497773886
2021-07-23 21:00:00+00:00,0.010353501456143555
2021-07-26 21:00:00+00:00,0.0019081507496856442
2021-07-27 21:00:00+00:00,-0.007504679614561138
2021-07-28 21:00:00+00:00,0.001887935992192613
2021-07-29 21:00:00+00:00,0.0028990437021174653
2021-07-30 21:00:00+00:00,-0.005101057597434622
2021-08-02 21:00:00+00:00,-0.0012261144954626157
2021-08-03 21:00:00+00:00,0.007003056443354971
2021-08-04 21:00:00+00:00,-0.0015002609568159908
2021-08-05 21:00:00+00:00,0.006004274163683432
2021-08-06 21:00:00+00:00,-0.0012960694202389655
2021-08-09 21:00:00+00:00,0.0004818573970870599
2021-08-10 21:00:00+00:00,-0.001989822546972886
2021-08-11 21:00:00+00:00,0.00044220989588850124
2021-08-12 21:00:00+00:00,0.0034284945564961866
2021-08-13 21:00:00+00:00,0.0023672310865705537
2021-08-16 21:00:00+00:00,0.0015706056002979807
2021-08-17 21:00:00+00:00,-0.007657572583829819
2021-08-18 21:00:00+00:00,-0.010213909603151272
2021-08-19 21:00:00+00:00,0.0036709008274093957
2021-08-20 21:00:00+00:00,0.009854539590388622
2021-08-23 21:00:00+00:00,0.011102970437431026
2021-08-24 21:00:00+00:00,0.0023425225328808086
2021-08-25 21:00:00+00:00,0.0014559279271557646
2021-08-26 21:00:00+00:00,-0.005705737267980182
2021-08-27 21:00:00+00:00,0.009053961076322503
2021-08-30 21:00:00+00:00,0.007378784504740832
2021-08-31 21:00:00+00:00,-0.0009807413532860743
2021-09-01 21:00:00+00:00,0.0008844686923639156
2021-09-02 21:00:00+00:00,0.0013227282578098798
2021-09-03 21:00:00+00:00,0.0014235995362883447
2021-09-06 21:00:00+00:00,0.0
2021-09-07 21:00:00+00:00,-0.001011684992718087
2021-09-08 21:00:00+00:00,-0.002389099291538632
2021-09-09 21:00:00+00:00,-0.004103537517300637
2021-09-10 21:00:00+00:00,-0.007351100787921894
2021-09-13 21:00:00+00:00,0.0010760347457734465
2021-09-14 21:00:00+00:00,-0.004280621905474957
2021-09-15 21:00:00+00:00,0.007791744583058424
2021-09-16 21:00:00+00:00,-0.0004329792107228281
2021-09-17 21:00:00+00:00,-0.0020575044572231915
2021-09-20 21:00:00+00:00,-0.02755245808214901
2021-09-21 21:00:00+00:00,-0.00013196674438042955
2021-09-22 21:00:00+00:00,0.009077793017779001
2021-09-23 21:00:00+00:00,0.010540684541803902
2021-09-24 21:00:00+00:00,0.0013495242403611662
2021-09-27 21:00:00+00:00,-0.005225447619433776
2021-09-28 21:00:00+00:00,-0.023407777496813664
2021-09-29 21:00:00+00:00,-4.891598907152961e-05
2021-09-30 21:00:00+00:00,-0.007899340319313053
2021-10-01 21:00:00+00:00,0.008359329544296523
2021-10-04 21:00:00+00:00,-0.015534271761737384
2021-10-05 21:00:00+00:00,0.011229555533185387
2021-10-06 21:00:00+00:00,0.0061628135437814535
2021-10-07 21:00:00+00:00,0.008674030631838692
2021-10-08 21:00:00+00:00,-0.0035382502729672805
2021-10-11 21:00:00+00:00,-0.007550417607581683
2021-10-12 21:00:00+00:00,-0.0029305171831015553
2021-10-13 21:00:00+00:00,0.0057467164658708825
2021-10-14 21:00:00+00:00,0.018615498339389358
2021-10-15 21:00:00+00:00,0.007331071067183226
2021-10-18 21:00:00+00:00,0.007252350862595902
2021-10-19 21:00:00+00:00,0.007630781009177134
2021-10-20 21:00:00+00:00,0.001254042678690226
2021-10-21 21:00:00+00:00,0.004575548026716891
2021-10-22 21:00:00+00:00,-0.005380916321222395
2021-10-25 21:00:00+00:00,0.007054520608006598
2021-10-26 21:00:00+00:00,0.002519852443196413
2021-10-27 21:00:00+00:00,-0.0008487688212320821
2021-10-28 21:00:00+00:00,0.010067569115471908
2021-10-29 21:00:00+00:00,0.0032181994388686963
2021-11-01 21:00:00+00:00,0.0025974629062621712
2021-11-02 21:00:00+00:00,0.0039071260713972045
2021-11-03 21:00:00+00:00,0.008051557162534806
2021-11-04 21:00:00+00:00,0.008086613727490422
2021-11-05 21:00:00+00:00,0.0024301801129065215
2021-11-08 22:00:00+00:00,-0.00028426393519020987
2021-11-09 22:00:00+00:00,-0.004980504202281688
2021-11-10 22:00:00+00:00,-0.010587795488339768
2021-11-11 22:00:00+00:00,0.0013369558701628037
2021-11-12 22:00:00+00:00,0.008771128866356559
2021-11-15 22:00:00+00:00,-6.294111229532273e-05
2021-11-16 22:00:00+00:00,0.005085961989568011
2021-11-17 22:00:00+00:00,-0.0007389933824604178
2021-11-18 22:00:00+00:00,0.0065018628765296516
2021-11-19 22:00:00+00:00,0.001921413021368501
2021-11-22 22:00:00+00:00,-0.007054754101659677
2021-11-23 22:00:00+00:00,-0.0010640327137900751
2021-11-24 22:00:00+00:00,0.002674551481535614
2021-11-25 22:00:00+00:00,0.0
2021-11-26 22:00:00+00:00,-0.02005919262121647
2021-11-29 22:00:00+00:00,0.015944034029486742
2021-11-30 22:00:00+00:00,-0.016013031847324277
2021-12-01 22:00:00+00:00,-0.014502095334372633
2021-12-02 22:00:00+00:00,0.01097605856856898
2021-12-03 22:00:00+00:00,-0.012122767949696578
2021-12-06 22:00:00+00:00,0.00953650134467754
2021-12-07 22:00:00+00:00,0.02440293456415943
2021-12-08 22:00:00+00:00,0.003631256740714406
2021-12-09 22:00:00+00:00,-0.01037622127850879
2021-12-10 22:00:00+00:00,0.009980235432119233
2021-12-13 22:00:00+00:00,-0.011600544297990512
2021-12-14 22:00:00+00:00,-0.00798398747893081
2021-12-15 22:00:00+00:00,0.01849949360928238
2021-12-16 22:00:00+00:00,-0.0163099528545545
2021-12-17 22:00:00+00:00,-0.007975443475901511
2021-12-20 22:00:00+00:00,-0.01185234455736961
2021-12-21 22:00:00+00:00,0.02155866663588868
2021-12-22 22:00:00+00:00,0.010435117484193235
2021-12-23 22:00:00+00:00,0.00691901947048823
2021-12-27 22:00:00+00:00,0.014563319420046739
2021-12-28 22:00:00+00:00,-0.002420503879181135
2021-12-29 22:00:00+00:00,0.0007048299009331238
2021-12-30 22:00:00+00:00,-0.002991656395332609
2021-12-31 22:00:00+00:00,-0.004551284231002928
2022-01-03 22:00:00+00:00,0.0076041874813901345
2022-01-04 22:00:00+00:00,-0.006094138003871152
2022-01-05 22:00:00+00:00,-0.024189413132074677
2022-01-06 22:00:00+00:00,-0.0007988267220416789
2022-01-07 22:00:00+00:00,-0.008190280313388532
2022-01-10 22:00:00+00:00,0.00031876296714927754
2022-01-11 22:00:00+00:00,0.012320963272602237
2022-01-12 22:00:00+00:00,0.00312069314194785
2022-01-13 22:00:00+00:00,-0.0203172850927551
2022-01-14 22:00:00+00:00,0.003929032119662779
2022-01-17 22:00:00+00:00,0.0
2022-01-18 22:00:00+00:00,-0.02252720250162943
2022-01-19 22:00:00+00:00,-0.011330591363573173
2022-01-20 22:00:00+00:00,-0.012453430557710532
2022-01-21 22:00:00+00:00,-0.0246362169591805
2022-01-24 22:00:00+00:00,0.0043646030912551925
2022-01-25 22:00:00+00:00,-0.01963218096591246
2022-01-26 22:00:00+00:00,-0.00023740432672314515
2022-01-27 22:00:00+00:00,-0.009266970555886989
2022-01-28 22:00:00+00:00,0.029610131119154337
2022-01-31 22:00:00+00:00,0.026817806133967004
2022-02-01 22:00:00+00:00,0.006725490284484437
2022-02-02 22:00:00+00:00,0.00905269364794048
2022-02-03 22:00:00+00:00,-0.034059768709778004
2022-02-04 22:00:00+00:00,0.009768726503331271
2022-02-07 22:00:00+00:00,-0.006463835198772472
2022-02-08 22:00:00+00:00,0.010609831179155815
2022-02-09 22:00:00+00:00,0.018406363656334968
2022-02-10 22:00:00+00:00,-0.02094989571375605
2022-02-11 22:00:00+00:00,-0.026724780674216353
2022-02-14 22:00:00+00:00,-0.0013786030152593831
2022-02-15 22:00:00+00:00,0.021568922953645986
2022-02-16 22:00:00+00:00,0.0002961350930534845
2022-02-17 22:00:00+00:00,-0.026866626835144958
2022-02-18 22:00:00+00:00,-0.009983490773580628
2022-02-21 22:00:00+00:00,0.0
2022-02-22 22:00:00+00:00,-0.010259951146208035
2022-02-23 22:00:00+00:00,-0.023003552745314737
2022-02-24 22:00:00+00:00,0.025578161933744514
2022-02-25 22:00:00+00:00,0.019798477692993588
2022-02-28 22:00:00+00:00,0.00033170632706736036
2022-03-01 22:00:00+00:00,-0.01593320387105035
2022-03-02 22:00:00+00:00,0.01828373559483576
2022-03-03 22:00:00+00:00,-0.0104172013700089
2022-03-04 22:00:00+00:00,-0.010996357170776516
2022-03-07 22:00:00+00:00,-0.03532573097869751
2022-03-08 22:00:00+00:00,-0.00586803843567274
2022-03-09 22:00:00+00:00,0.03048152660691472
2022-03-10 22:00:00+00:00,-0.007917074278524616
2022-03-11 22:00:00+00:00,-0.01827733493764272
2022-03-14 21:00:00+00:00,-0.013433292014250808
2022-03-15 21:00:00+00:00,0.026456167393376973
2022-03-16 21:00:00+00:00,0.030131276623130088
2022-03-17 21:00:00+00:00,0.011613767942746156
2022-03-18 21:00:00+00:00,-0.0007207828874968847
2022-03-21 21:00:00+00:00,0.015411990852731483
2022-03-22 21:00:00+00:00,0.016646726376083443
2022-03-23 21:00:00+00:00,-0.014161113378719281
2022-03-24 21:00:00+00:00,0.0192718561427887
2022-03-25 21:00:00+00:00,0.002486912814000597
2022-03-28 21:00:00+00:00,0.011866820674361955
2022-03-29 21:00:00+00:00,0.015506433796037555
2022-03-30 21:00:00+00:00,-0.009115654107041071
2022-03-31 21:00:00+00:00,-0.01453485408803612
2022-04-01 21:00:00+00:00,0.0007981531680705256
2022-04-04 21:00:00+00:00,0.015157920031718897
2022-04-05 21:00:00+00:00,-0.018339243371337632
2022-04-06 21:00:00+00:00,-0.016699708409415925
2022-04-07 21:00:00+00:00,0.0035237599607422787
2022-04-08 21:00:00+00:00,-0.009082760918479149
2022-04-11 21:00:00+00:00,-0.020770361049663122
2022-04-12 21:00:00+00:00,-0.003989166691027779
2022-04-13 21:00:00+00:00,0.015684911424020953
2022-04-14 21:00:00+00:00,-0.01792526386424642
2022-04-18 21:00:00+00:00,0.00043275521095820224
2022-04-19 21:00:00+00:00,0.019463542468061146
2022-04-20 21:00:00+00:00,-0.008248628497240285
2022-04-21 21:00:00+00:00,-0.017222663353541834
2022-04-22 21:00:00+00:00,-0.02755955602046778
2022-04-25 21:00:00+00:00,0.009946296958691647
2022-04-26 21:00:00+00:00,-0.03354888927849031
2022-04-27 21:00:00+00:00,0.0008331351308661361
2022-04-28 21:00:00+00:00,0.029564505328994573
2022-04-29 21:00:00+00:00,-0.040644242744468984
2022-05-02 21:00:00+00:00,0.011643232424549232
2022-05-03 21:00:00+00:00,0.002661901226289176
2022-05-04 21:00:00+00:00,0.0320187815442976
2022-05-05 21:00:00+00:00,-0.04275175560537259
2022-05-06 21:00:00+00:00,-0.009279011983823082
2022-05-09 21:00:00+00:00,-0.035783245172852474
2022-05-10 21:00:00+00:00,0.007669186598260103
2022-05-11 21:00:00+00:00,-0.023846830189383827
2022-05-12 21:00:00+00:00,-0.0013334319970832453
2022-05-13 21:00:00+00:00,0.030071439082115514
2022-05-16 21:00:00+00:00,-0.007544968998580592
2022-05-17 21:00:00+00:00,0.022870037476596217
2022-05-18 21:00:00+00:00,-0.044695371389432026
2022-05-19 21:00:00+00:00,-0.005535474417351027
2022-05-20 21:00:00+00:00,-0.0014058619685788365
2022-05-23 21:00:00+00:00,0.017367500329372954
2022-05-24 21:00:00+00:00,-0.015053092908011712
2022-05-25 21:00:00+00:00,0.01188037697061417
2022-05-26 21:00:00+00:00,0.024040217654601292
2022-05-27 21:00:00+00:00,0.028544706302417344
2022-05-30 21:00:00+00:00,0.0
2022-05-31 21:00:00+00:00,-0.004106816515782041
2022-06-01 21:00:00+00:00,-0.007642396138760055
2022-06-02 21:00:00+00:00,0.023008480230736206
2022-06-03 21:00:00+00:00,-0.021573990922675645
2022-06-06 21:00:00+00:00,0.0037957626636131447
2022-06-07 21:00:00+00:00,0.008814535177260607
2022-06-08 21:00:00+00:00,-0.009054220507536126
2022-06-09 21:00:00+00:00,-0.02533565917632441
2022-06-10 21:00:00+00:00,-0.0322813099959226
2022-06-13 21:00:00+00:00,-0.04192668286012191
2022-06-14 21:00:00+00:00,-0.0009738046233336295
2022-06-15 21:00:00+00:00,0.019440115617767928
2022-06-16 21:00:00+00:00,-0.036172563487986586
2022-06-17 21:00:00+00:00,-0.00033114428447400535
2022-06-20 21:00:00+00:00,0.0
2022-06-21 21:00:00+00:00,0.03428281176960124
2022-06-22 21:00:00+00:00,-0.001148836877447379
2022-06-23 21:00:00+00:00,0.012376148509449125
2022-06-24 21:00:00+00:00,0.032421270317109174
2022-06-27 21:00:00+00:00,-0.005791687745361651
2022-06-28 21:00:00+00:00,-0.025317611467088996
2022-06-29 21:00:00+00:00,0.00020289471940859727
2022-06-30 21:00:00+00:00,-0.0111050531105219
2022-07-01 21:00:00+00:00,0.008442197234406867
2022-07-04 21:00:00+00:00,0.0
2022-07-05 21:00:00+00:00,0.009560471853043762
2022-07-06 21:00:00+00:00,0.004918493272300983
2022-07-07 21:00:00+00:00,0.018295401396226207
2022-07-08 21:00:00+00:00,0.00011905548339630201
2022-07-11 21:00:00+00:00,-0.01687486890194101
2022-07-12 21:00:00+00:00,-0.008673072393748704
2022-07-13 21:00:00+00:00,-0.003145989969913887
2022-07-14 21:00:00+00:00,0.0001366674493890052
2022-07-15 21:00:00+00:00,0.018251250037853328
2022-07-18 21:00:00+00:00,-0.008196965080620289
2022-07-19 21:00:00+00:00,0.02889071595225401
2022-07-20 21:00:00+00:00,0.01111781724007499
2022-07-21 21:00:00+00:00,0.0119493670946631
2022-07-22 21:00:00+00:00,-0.013239794573699282
2022-07-25 21:00:00+00:00,-0.0022936304505013494
2022-07-26 21:00:00+00:00,-0.015780200356323992
2022-07-27 21:00:00+00:00,0.033972226264235905
2022-07-28 21:00:00+00:00,0.010672828812190449
2022-07-29 21:00:00+00:00,0.01656238047277836
2022-08-01 21:00:00+00:00,-0.0018542951158326826
2022-08-02 21:00:00+00:00,-0.004606964925755408
2022-08-03 21:00:00+00:00,0.021257763937471807
2022-08-04 21:00:00+00:00,0.0017412073132629935
2022-08-05 21:00:00+00:00,-0.004583375152277913
2022-08-08 21:00:00+00:00,-0.0024455089816282083
2022-08-09 21:00:00+00:00,-0.008253918723707176
2022-08-10 21:00:00+00:00,0.02428032160371374
2022-08-11 21:00:00+00:00,-0.0031930177702287343
2022-08-12 21:00:00+00:00,0.018483612933203997
2022-08-15 21:00:00+00:00,0.005898637580178612
2022-08-16 21:00:00+00:00,0.00015900643567579031
2022-08-17 21:00:00+00:00,-0.009730743208674508
2022-08-18 21:00:00+00:00,0.002242071102385612
2022-08-19 21:00:00+00:00,-0.015925901652800056
2022-08-22 21:00:00+00:00,-0.024227049084240004
2022-08-23 21:00:00+00:00,-0.0017702851016113685
2022-08-24 21:00:00+00:00,0.002753057961651928
2022-08-25 21:00:00+00:00,0.015796319398676095
2022-08-26 21:00:00+00:00,-0.03721696107912609
2022-08-29 21:00:00+00:00,-0.008574628249394034
2022-08-30 21:00:00+00:00,-0.010745419468607853
2022-08-31 21:00:00+00:00,-0.00679707402888341
2022-09-01 21:00:00+00:00,0.001773482224203704
2022-09-02 21:00:00+00:00,-0.013253482855421495
2022-09-05 21:00:00+00:00,0.0
2022-09-06 21:00:00+00:00,-0.005350324838099496
2022-09-07 21:00:00+00:00,0.019017827307330037
2022-09-08 21:00:00+00:00,0.005536103265455061
2022-09-09 21:00:00+00:00,0.01874277124948409
2022-09-12 21:00:00+00:00,0.011212738729140526
2022-09-13 21:00:00+00:00,-0.049519307153416126
2022-09-14 21:00:00+00:00,0.0065034215121260175
2022-09-15 21:00:00+00:00,-0.014342972039391388
2022-09-16 21:00:00+00:00,-0.00897720244004796
2022-09-19 21:00:00+00:00,0.014841425162197108
2022-09-20 21:00:00+00:00,-0.009820006587938912
2022-09-21 21:00:00+00:00,-0.017428557537188083
2022-09-22 21:00:00+00:00,-0.010687031219895449
2022-09-23 21:00:00+00:00,-0.016436130502207602
2022-09-26 21:00:00+00:00,-0.007791355841903269
2022-09-27 21:00:00+00:00,-0.0003751731791238333
2022-09-28 21:00:00+00:00,0.01941189212066141
2022-09-29 21:00:00+00:00,-0.02463518555673161
2022-09-30 21:00:00+00:00,-0.01578300700731372
2022-10-03 21:00:00+00:00,0.023523066728905695
2022-10-04 21:00:00+00:00,0.03092130735808829
2022-10-05 21:00:00+00:00,-0.0019216296835655733
2022-10-06 21:00:00+00:00,-0.008353649834062282
2022-10-07 21:00:00+00:00,-0.032902540557686155
2022-10-10 21:00:00+00:00,-0.009106860355079682
2022-10-11 21:00:00+00:00,-0.009973654290615808
2022-10-12 21:00:00+00:00,-0.0016593872969896672
2022-10-13 21:00:00+00:00,0.024057279487328165
2022-10-14 21:00:00+00:00,-0.026754780591868532
2022-10-17 21:00:00+00:00,0.02976013181531112
2022-10-18 21:00:00+00:00,0.009786108003745353
2022-10-19 21:00:00+00:00,-0.005390544282638077
2022-10-20 21:00:00+00:00,-0.007048631402728933
2022-10-21 21:00:00+00:00,0.02404158850583782
2022-10-24 21:00:00+00:00,0.011237577507037244
2022-10-25 21:00:00+00:00,0.01821579029889331
2022-10-26 21:00:00+00:00,-0.01535473930823572
2022-10-27 21:00:00+00:00,-0.012089855115595127
2022-10-28 21:00:00+00:00,0.027602111191369127
2022-10-31 21:00:00+00:00,-0.009646349181088532
2022-11-01 21:00:00+00:00,-0.00723777594553332
2022-11-02 21:00:00+00:00,-0.029610381733608193
2022-11-03 21:00:00+00:00,-0.015301178190720632
2022-11-04 21:00:00+00:00,0.014442799842621312
2022-11-07 22:00:00+00:00,0.01038233251003784
2022-11-08 22:00:00+00:00,0.006231599134469912
2022-11-09 22:00:00+00:00,-0.02218838217083674
2022-11-10 22:00:00+00:00,0.06413036848555653
2022-11-11 22:00:00+00:00,0.014230176585936283
2022-11-14 22:00:00+00:00,-0.009033264634064508
2022-11-15 22:00:00+00:00,0.011451955254037083
2022-11-16 22:00:00+00:00,-0.01081457356259563
2022-11-17 22:00:00+00:00,-0.0028854102774430457
2022-11-18 22:00:00+00:00,0.0022105110822194796
2022-11-21 22:00:00+00:00,-0.007156747358273319
2022-11-22 22:00:00+00:00,0.013736229166162461
2022-11-23 22:00:00+00:00,0.007434013134066886
2022-11-24 22:00:00+00:00,0.0
2022-11-25 22:00:00+00:00,-0.003468249137478452
2022-11-28 22:00:00+00:00,-0.014718089062664697
2022-11-29 22:00:00+00:00,-0.004991709764704533
2022-11-30 22:00:00+00:00,0.037415440404023226
2022-12-01 22:00:00+00:00,0.000921536951935753
2022-12-02 22:00:00+00:00,-0.002954000572986226
2022-12-05 22:00:00+00:00,-0.01730427958927283
2022-12-06 22:00:00+00:00,-0.01740544487861051
2022-12-07 22:00:00+00:00,-0.003491976755085169
2022-12-08 22:00:00+00:00,0.009577974859128924
2022-12-09 22:00:00+00:00,-0.006937292603050205
2022-12-12 22:00:00+00:00,0.013120310786738143
2022-12-13 22:00:00+00:00,0.009269628661815021
2022-12-14 22:00:00+00:00,-0.006757248971478669
2022-12-15 22:00:00+00:00,-0.029745667329724834
2022-12-16 22:00:00+00:00,-0.00412651459498159
2022-12-19 22:00:00+00:00,-0.009251784128087248
2022-12-20 22:00:00+00:00,-0.0003046599079843393
2022-12-21 22:00:00+00:00,0.014379518099923772
2022-12-22 22:00:00+00:00,-0.019555004811508514
2022-12-23 22:00:00+00:00,0.0035932341529745226
2022-12-27 22:00:00+00:00,-0.009084302617548778
2022-12-28 22:00:00+00:00,-0.012644551615637156
2022-12-29 22:00:00+00:00,0.020399708806475347
2022-12-30 22:00:00+00:00,-0.0018575386338257616
